,Alabama,Alaska,Arizona,Arkansas,California,Connecticut,Delaware,District of Columbia,Florida,Georgia,Hawaii,Idaho,Illinois,Indiana,Iowa,Kansas,Kentucky,Louisiana,Maine,Maryland,Massachusetts,Michigan,Minnesota,Mississippi,Missouri,Montana,Nebraska,Nevada,New Hampshire,New Jersey,New Mexico,New York,North Carolina,North Dakota,Ohio,Oklahoma,Oregon,Pennsylvania,Rhode Island,South Carolina,South Dakota,Tennessee,Texas,Utah,Vermont,Virginia,Washington,West Virginia,Wisconsin,Wyoming,Alabama flag,Alaska flag,Arizona flag,Arkansas flag,California flag,Connecticut flag,Delaware flag,District of Columbia flag,Florida flag,Georgia flag,Hawaii flag,Idaho flag,Illinois flag,Indiana flag,Iowa flag,Kansas flag,Kentucky flag,Louisiana flag,Maine flag,Maryland flag,Massachusetts flag,Michigan flag,Minnesota flag,Mississippi flag,Missouri flag,Montana flag,Nebraska flag,Nevada flag,New Hampshire flag,New Jersey flag,New Mexico flag,New York flag,North Carolina flag,North Dakota flag,Ohio flag,Oklahoma flag,Oregon flag,Pennsylvania flag,Rhode Island flag,South Carolina flag,South Dakota flag,Tennessee flag,Texas flag,Utah flag,Vermont flag,Virginia flag,Washington flag,West Virginia flag,Wisconsin flag,Wyoming flag
"Agriculture, Forestry, Fishing and Hunting",2,,6,0,14,1,0,0,6,2,1,2,2,2,2,9,2,2,1,0,0,,3,,3,4,12,1,0,1,9,3,,2,2,3,2,2,0,2,3,4,26,7,0,3,3,0,3,9,10,-1,10,10,10,10,10,10,10,10,10,10,10,10,10,10,10,10,10,10,10,-1,10,-1,10,10,10,10,10,10,10,10,-1,10,10,10,10,10,10,10,10,10,10,10,10,10,10,10,10,10
"Mining, Quarrying, and Oil and Gas Extraction",4,,16,2,12,1,0,1,10,4,1,5,4,8,2,8,2,5,0,2,1,,2,,2,13,3,13,0,1,33,1,,36,5,15,3,6,0,2,1,3,117,32,0,2,3,3,1,51,10,-1,10,10,10,10,10,10,10,10,10,10,10,10,10,10,10,10,10,10,10,-1,10,-1,10,10,10,10,10,10,10,10,-1,10,10,10,10,10,10,10,10,10,10,10,10,10,10,10,10,10
Utilities,1,,1,1,3,0,0,0,4,0,0,1,1,1,1,1,0,1,0,1,1,,1,,2,2,4,2,0,0,3,1,,0,1,1,1,2,0,0,1,2,11,4,0,2,2,1,1,1,10,-1,10,10,10,10,10,10,10,10,10,10,10,10,10,10,10,10,10,10,10,-1,10,-1,10,10,10,10,10,10,10,10,-1,10,10,10,10,10,10,10,10,10,10,10,10,10,10,10,10,10
Construction,17,,131,26,165,5,0,2,107,36,12,46,44,23,32,66,14,38,7,7,13,,42,,50,52,64,49,2,5,96,33,,42,29,48,32,20,1,18,22,55,395,104,2,29,44,6,28,156,10,-1,10,10,10,10,10,10,10,10,10,10,10,10,10,10,10,10,10,10,10,-1,10,-1,10,10,10,10,10,10,10,10,-1,10,10,10,10,10,10,10,10,10,10,10,10,10,10,10,10,10
Manufacturing,20,,45,14,120,6,1,1,65,25,5,15,29,16,19,26,11,8,4,10,13,,19,,25,12,15,20,2,8,32,23,,6,24,20,19,25,3,12,8,27,149,32,3,19,39,4,26,35,10,-1,10,10,10,10,10,10,10,10,10,10,10,10,10,10,10,10,10,10,10,-1,10,-1,10,10,10,10,10,10,10,10,-1,10,10,10,10,10,10,10,10,10,10,10,10,10,10,10,10,10
Wholesale Trade,8,,56,10,83,4,1,2,75,20,4,14,34,15,13,23,8,9,5,11,17,,17,,28,11,24,18,4,11,27,23,,5,21,20,12,17,2,19,7,25,132,36,2,14,35,2,20,34,10,-1,10,10,10,10,10,10,10,10,10,10,10,10,10,10,10,10,10,10,10,-1,10,-1,10,10,10,10,10,10,10,10,-1,10,10,10,10,10,10,10,10,10,10,10,10,10,10,10,10,10
Retail Trade,31,,143,31,236,11,4,6,189,54,17,37,74,36,38,70,23,26,11,16,25,,45,,67,44,61,56,11,20,102,54,,19,50,58,62,36,3,32,19,61,315,91,6,46,94,5,41,88,10,-1,10,10,10,10,10,10,10,10,10,10,10,10,10,10,10,10,10,10,10,-1,10,-1,10,10,10,10,10,10,10,10,-1,10,10,10,10,10,10,10,10,10,10,10,10,10,10,10,10,10
Transportation and Warehousing,17,,114,12,200,3,2,2,140,72,14,30,129,17,27,33,14,12,4,27,14,,40,,51,13,32,68,4,38,38,19,,15,35,27,34,22,0,13,7,32,363,92,2,47,70,2,16,43,10,-1,10,10,10,10,10,10,10,10,10,10,10,10,10,10,10,10,10,10,10,-1,10,-1,10,10,10,10,10,10,10,10,-1,10,10,10,10,10,10,10,10,10,10,10,10,10,10,10,10,10
Information,9,,39,6,94,8,0,4,74,22,3,7,35,9,6,10,4,5,3,19,15,,10,,16,6,10,11,3,10,18,41,,1,15,13,21,19,1,22,5,18,119,14,2,47,35,1,12,9,10,-1,10,10,10,10,10,10,10,10,10,10,10,10,10,10,10,10,10,10,10,-1,10,-1,10,10,10,10,10,10,10,10,-1,10,10,10,10,10,10,10,10,10,10,10,10,10,10,10,10,10
Finance and Insurance,11,,55,8,82,8,2,3,84,27,4,9,38,11,13,25,9,5,3,13,11,,16,,24,8,16,12,6,10,19,41,,3,22,14,13,14,1,15,9,24,135,25,1,18,33,1,20,17,10,-1,10,10,10,10,10,10,10,10,10,10,10,10,10,10,10,10,10,10,10,-1,10,-1,10,10,10,10,10,10,10,10,-1,10,10,10,10,10,10,10,10,10,10,10,10,10,10,10,10,10
Real Estate and Rental and Leasing,5,,30,5,39,2,2,1,47,9,4,5,16,6,5,13,4,6,4,2,8,,6,,13,6,6,8,2,4,14,12,,3,7,11,12,9,2,11,4,11,74,15,2,8,18,0,10,13,10,-1,10,10,10,10,10,10,10,10,10,10,10,10,10,10,10,10,10,10,10,-1,10,-1,10,10,10,10,10,10,10,10,-1,10,10,10,10,10,10,10,10,10,10,10,10,10,10,10,10,10
"Professional, Scientific, and Technical Services",37,,124,27,350,19,3,25,270,80,17,26,122,42,27,50,19,21,12,41,66,,61,,67,39,34,50,15,37,54,140,,11,63,37,67,73,5,42,15,61,422,64,9,106,136,3,51,50,10,-1,10,10,10,10,10,10,10,10,10,10,10,10,10,10,10,10,10,10,10,-1,10,-1,10,10,10,10,10,10,10,10,-1,10,10,10,10,10,10,10,10,10,10,10,10,10,10,10,10,10
Management of Companies and Enterprises,5,,25,6,47,3,1,4,45,18,2,4,12,7,4,12,3,3,5,6,10,,12,,12,8,11,10,5,4,8,14,,3,9,8,8,11,4,6,5,12,64,12,2,7,20,2,10,17,10,-1,10,10,10,10,10,10,10,10,10,10,10,10,10,10,10,10,10,10,10,-1,10,-1,10,10,10,10,10,10,10,10,-1,10,10,10,10,10,10,10,10,10,10,10,10,10,10,10,10,10
Administrative and Support and Waste Management and Remediation Services,32,,148,30,239,16,4,9,179,72,18,33,74,40,38,62,23,37,19,28,49,,42,,75,37,51,42,16,23,82,65,,18,61,48,67,40,3,37,27,63,353,75,12,67,117,13,53,69,10,-1,10,10,10,10,10,10,10,10,10,10,10,10,10,10,10,10,10,10,10,-1,10,-1,10,10,10,10,10,10,10,10,-1,10,10,10,10,10,10,10,10,10,10,10,10,10,10,10,10,10
Educational Services,12,,56,7,112,12,2,8,68,23,12,11,43,14,15,30,9,9,8,18,34,,31,,33,13,21,15,8,16,36,42,,2,26,16,30,28,3,17,7,30,109,30,5,22,44,3,23,24,10,-1,10,10,10,10,10,10,10,10,10,10,10,10,10,10,10,10,10,10,10,-1,10,-1,10,10,10,10,10,10,10,10,-1,10,10,10,10,10,10,10,10,10,10,10,10,10,10,10,10,10
Health Care and Social Assistance,28,,157,28,234,15,2,9,186,68,21,34,70,39,35,68,21,20,20,28,40,,54,,77,44,64,36,15,22,89,56,,12,50,53,74,55,7,43,23,79,319,72,12,58,105,6,53,76,10,-1,10,10,10,10,10,10,10,10,10,10,10,10,10,10,10,10,10,10,10,-1,10,-1,10,10,10,10,10,10,10,10,-1,10,10,10,10,10,10,10,10,10,10,10,10,10,10,10,10,10
"Arts, Entertainment, and Recreation",10,,42,9,92,9,1,6,67,26,10,18,25,11,6,16,5,7,20,9,30,,25,,18,29,14,14,7,12,25,51,,2,22,11,32,22,6,16,11,27,84,42,7,17,33,10,19,53,10,-1,10,10,10,10,10,10,10,10,10,10,10,10,10,10,10,10,10,10,10,-1,10,-1,10,10,10,10,10,10,10,10,-1,10,10,10,10,10,10,10,10,10,10,10,10,10,10,10,10,10
Accommodation and Food Services,28,,183,32,376,16,4,12,239,76,43,42,101,45,34,75,27,36,30,33,74,,69,,79,62,52,63,19,38,91,120,,23,60,59,83,57,15,52,27,72,357,102,14,48,118,8,52,100,10,-1,10,10,10,10,10,10,10,10,10,10,10,10,10,10,10,10,10,10,10,-1,10,-1,10,10,10,10,10,10,10,10,-1,10,10,10,10,10,10,10,10,10,10,10,10,10,10,10,10,10
Other Services (except Public Administration),10,,40,11,60,2,2,9,52,14,6,10,22,11,7,20,5,3,5,6,6,,15,,17,10,15,10,4,6,24,18,,5,12,16,13,10,3,7,8,13,79,19,1,17,24,1,11,23,10,-1,10,10,10,10,10,10,10,10,10,10,10,10,10,10,10,10,10,10,10,-1,10,-1,10,10,10,10,10,10,10,10,-1,10,10,10,10,10,10,10,10,10,10,10,10,10,10,10,10,10
Public Administration,4,,23,5,41,3,1,2,27,9,2,3,12,6,4,13,4,3,4,3,6,,10,,10,6,12,6,2,8,16,11,,3,11,8,12,8,1,7,6,6,44,11,2,10,16,1,8,16,10,-1,10,10,10,10,10,10,10,10,10,10,10,10,10,10,10,10,10,10,10,-1,10,-1,10,10,10,10,10,10,10,10,-1,10,10,10,10,10,10,10,10,10,10,10,10,10,10,10,10,10
